<?xml version="1.0" encoding="UTF-8"?>
<BaliMessageLog>
    <Task name="Synthesis">
        <Message>
            <ID>35001786</ID>
            <Severity>1</Severity>
        </Message>
        <Message>
            <ID>35935050</ID>
            <Severity>16</Severity>
            <Dynamic>TRIM9</Dynamic>
        </Message>
        <Message>
            <ID>35935050</ID>
            <Severity>16</Severity>
            <Dynamic>TRIM8</Dynamic>
        </Message>
        <Message>
            <ID>35935050</ID>
            <Severity>16</Severity>
            <Dynamic>TRIM7</Dynamic>
        </Message>
        <Message>
            <ID>35935050</ID>
            <Severity>16</Severity>
            <Dynamic>TRIM6</Dynamic>
        </Message>
        <Message>
            <ID>35935050</ID>
            <Severity>16</Severity>
            <Dynamic>TRIM5</Dynamic>
        </Message>
        <Message>
            <ID>35935050</ID>
            <Severity>16</Severity>
            <Dynamic>TRIM4</Dynamic>
        </Message>
        <Message>
            <ID>35935050</ID>
            <Severity>16</Severity>
            <Dynamic>TRIM3</Dynamic>
        </Message>
        <Message>
            <ID>35935050</ID>
            <Severity>16</Severity>
            <Dynamic>TRIM2</Dynamic>
        </Message>
        <Message>
            <ID>35935050</ID>
            <Severity>16</Severity>
            <Dynamic>TRIM1</Dynamic>
        </Message>
        <Message>
            <ID>35935050</ID>
            <Severity>16</Severity>
            <Dynamic>TRIM0</Dynamic>
        </Message>
        <Message>
            <ID>35935050</ID>
            <Severity>16</Severity>
            <Dynamic>I</Dynamic>
        </Message>
        <Message>
            <ID>35901328</ID>
            <Severity>1</Severity>
            <Dynamic>d:/program files (x86)/lattice/ip/pmi/pmi_ice40up.v(1): </Dynamic>
            <Dynamic>d:/program files (x86)/lattice/ip/pmi/pmi_addsub.v</Dynamic>
            <Navigation>d:/program files (x86)/lattice/ip/pmi/pmi_ice40up.v</Navigation>
            <Navigation>1</Navigation>
        </Message>
        <Message>
            <ID>35901328</ID>
            <Severity>1</Severity>
            <Dynamic>d:/program files (x86)/lattice/ip/pmi/pmi_addsub.v(40): </Dynamic>
            <Dynamic>d:/program files (x86)/lattice/ip/pmi/../common/adder_subtractor/rtl/lscc_add_sub.v</Dynamic>
            <Navigation>d:/program files (x86)/lattice/ip/pmi/pmi_addsub.v</Navigation>
            <Navigation>40</Navigation>
        </Message>
        <Message>
            <ID>35901328</ID>
            <Severity>1</Severity>
            <Dynamic>d:/program files (x86)/lattice/ip/pmi/pmi_ice40up.v(2): </Dynamic>
            <Dynamic>d:/program files (x86)/lattice/ip/pmi/pmi_add.v</Dynamic>
            <Navigation>d:/program files (x86)/lattice/ip/pmi/pmi_ice40up.v</Navigation>
            <Navigation>2</Navigation>
        </Message>
        <Message>
            <ID>35901328</ID>
            <Severity>1</Severity>
            <Dynamic>d:/program files (x86)/lattice/ip/pmi/pmi_add.v(50): </Dynamic>
            <Dynamic>d:/program files (x86)/lattice/ip/pmi/../common/adder/rtl/lscc_adder.v</Dynamic>
            <Navigation>d:/program files (x86)/lattice/ip/pmi/pmi_add.v</Navigation>
            <Navigation>50</Navigation>
        </Message>
        <Message>
            <ID>35901328</ID>
            <Severity>1</Severity>
            <Dynamic>d:/program files (x86)/lattice/ip/pmi/pmi_ice40up.v(3): </Dynamic>
            <Dynamic>d:/program files (x86)/lattice/ip/pmi/pmi_complex_mult.v</Dynamic>
            <Navigation>d:/program files (x86)/lattice/ip/pmi/pmi_ice40up.v</Navigation>
            <Navigation>3</Navigation>
        </Message>
        <Message>
            <ID>35901328</ID>
            <Severity>1</Severity>
            <Dynamic>d:/program files (x86)/lattice/ip/pmi/pmi_complex_mult.v(52): </Dynamic>
            <Dynamic>d:/program files (x86)/lattice/ip/pmi/../common/complex_mult/rtl/lscc_complex_mult.v</Dynamic>
            <Navigation>d:/program files (x86)/lattice/ip/pmi/pmi_complex_mult.v</Navigation>
            <Navigation>52</Navigation>
        </Message>
        <Message>
            <ID>35901328</ID>
            <Severity>1</Severity>
            <Dynamic>d:/program files (x86)/lattice/ip/pmi/pmi_ice40up.v(4): </Dynamic>
            <Dynamic>d:/program files (x86)/lattice/ip/pmi/pmi_counter.v</Dynamic>
            <Navigation>d:/program files (x86)/lattice/ip/pmi/pmi_ice40up.v</Navigation>
            <Navigation>4</Navigation>
        </Message>
        <Message>
            <ID>35901328</ID>
            <Severity>1</Severity>
            <Dynamic>d:/program files (x86)/lattice/ip/pmi/pmi_counter.v(39): </Dynamic>
            <Dynamic>d:/program files (x86)/lattice/ip/pmi/../common/counter/rtl/lscc_cntr.v</Dynamic>
            <Navigation>d:/program files (x86)/lattice/ip/pmi/pmi_counter.v</Navigation>
            <Navigation>39</Navigation>
        </Message>
        <Message>
            <ID>35901328</ID>
            <Severity>1</Severity>
            <Dynamic>d:/program files (x86)/lattice/ip/pmi/pmi_ice40up.v(5): </Dynamic>
            <Dynamic>d:/program files (x86)/lattice/ip/pmi/pmi_fifo.v</Dynamic>
            <Navigation>d:/program files (x86)/lattice/ip/pmi/pmi_ice40up.v</Navigation>
            <Navigation>5</Navigation>
        </Message>
        <Message>
            <ID>35901328</ID>
            <Severity>1</Severity>
            <Dynamic>d:/program files (x86)/lattice/ip/pmi/pmi_fifo.v(44): </Dynamic>
            <Dynamic>d:/program files (x86)/lattice/ip/pmi/../common/fifo/rtl/lscc_fifo.v</Dynamic>
            <Navigation>d:/program files (x86)/lattice/ip/pmi/pmi_fifo.v</Navigation>
            <Navigation>44</Navigation>
        </Message>
        <Message>
            <ID>35901328</ID>
            <Severity>1</Severity>
            <Dynamic>d:/program files (x86)/lattice/ip/pmi/pmi_ice40up.v(6): </Dynamic>
            <Dynamic>d:/program files (x86)/lattice/ip/pmi/pmi_fifo_dc.v</Dynamic>
            <Navigation>d:/program files (x86)/lattice/ip/pmi/pmi_ice40up.v</Navigation>
            <Navigation>6</Navigation>
        </Message>
        <Message>
            <ID>35901328</ID>
            <Severity>1</Severity>
            <Dynamic>d:/program files (x86)/lattice/ip/pmi/pmi_fifo_dc.v(47): </Dynamic>
            <Dynamic>d:/program files (x86)/lattice/ip/pmi/../common/fifo_dc/rtl/lscc_fifo_dc.v</Dynamic>
            <Navigation>d:/program files (x86)/lattice/ip/pmi/pmi_fifo_dc.v</Navigation>
            <Navigation>47</Navigation>
        </Message>
        <Message>
            <ID>35901328</ID>
            <Severity>1</Severity>
            <Dynamic>d:/program files (x86)/lattice/ip/pmi/pmi_ice40up.v(7): </Dynamic>
            <Dynamic>d:/program files (x86)/lattice/ip/pmi/pmi_mac.v</Dynamic>
            <Navigation>d:/program files (x86)/lattice/ip/pmi/pmi_ice40up.v</Navigation>
            <Navigation>7</Navigation>
        </Message>
        <Message>
            <ID>35901328</ID>
            <Severity>1</Severity>
            <Dynamic>d:/program files (x86)/lattice/ip/pmi/pmi_mac.v(52): </Dynamic>
            <Dynamic>d:/program files (x86)/lattice/ip/pmi/../common/mult_accumulate/rtl/lscc_mult_accumulate.v</Dynamic>
            <Navigation>d:/program files (x86)/lattice/ip/pmi/pmi_mac.v</Navigation>
            <Navigation>52</Navigation>
        </Message>
        <Message>
            <ID>35901328</ID>
            <Severity>1</Severity>
            <Dynamic>d:/program files (x86)/lattice/ip/pmi/pmi_ice40up.v(8): </Dynamic>
            <Dynamic>d:/program files (x86)/lattice/ip/pmi/pmi_multaddsubsum.v</Dynamic>
            <Navigation>d:/program files (x86)/lattice/ip/pmi/pmi_ice40up.v</Navigation>
            <Navigation>8</Navigation>
        </Message>
        <Message>
            <ID>35901328</ID>
            <Severity>1</Severity>
            <Dynamic>d:/program files (x86)/lattice/ip/pmi/pmi_multaddsubsum.v(53): </Dynamic>
            <Dynamic>d:/program files (x86)/lattice/ip/pmi/../common/mult_add_sub_sum/rtl/lscc_mult_add_sub_sum.v</Dynamic>
            <Navigation>d:/program files (x86)/lattice/ip/pmi/pmi_multaddsubsum.v</Navigation>
            <Navigation>53</Navigation>
        </Message>
        <Message>
            <ID>35901328</ID>
            <Severity>1</Severity>
            <Dynamic>d:/program files (x86)/lattice/ip/pmi/pmi_ice40up.v(9): </Dynamic>
            <Dynamic>d:/program files (x86)/lattice/ip/pmi/pmi_multaddsub.v</Dynamic>
            <Navigation>d:/program files (x86)/lattice/ip/pmi/pmi_ice40up.v</Navigation>
            <Navigation>9</Navigation>
        </Message>
        <Message>
            <ID>35901328</ID>
            <Severity>1</Severity>
            <Dynamic>d:/program files (x86)/lattice/ip/pmi/pmi_multaddsub.v(52): </Dynamic>
            <Dynamic>d:/program files (x86)/lattice/ip/pmi/../common/mult_add_sub/rtl/lscc_mult_add_sub.v</Dynamic>
            <Navigation>d:/program files (x86)/lattice/ip/pmi/pmi_multaddsub.v</Navigation>
            <Navigation>52</Navigation>
        </Message>
        <Message>
            <ID>35901328</ID>
            <Severity>1</Severity>
            <Dynamic>d:/program files (x86)/lattice/ip/pmi/pmi_ice40up.v(10): </Dynamic>
            <Dynamic>d:/program files (x86)/lattice/ip/pmi/pmi_mult.v</Dynamic>
            <Navigation>d:/program files (x86)/lattice/ip/pmi/pmi_ice40up.v</Navigation>
            <Navigation>10</Navigation>
        </Message>
        <Message>
            <ID>35901328</ID>
            <Severity>1</Severity>
            <Dynamic>d:/program files (x86)/lattice/ip/pmi/pmi_mult.v(51): </Dynamic>
            <Dynamic>d:/program files (x86)/lattice/ip/pmi/../common/multiplier/rtl/lscc_multiplier.v</Dynamic>
            <Navigation>d:/program files (x86)/lattice/ip/pmi/pmi_mult.v</Navigation>
            <Navigation>51</Navigation>
        </Message>
        <Message>
            <ID>35901328</ID>
            <Severity>1</Severity>
            <Dynamic>d:/program files (x86)/lattice/ip/pmi/pmi_ice40up.v(11): </Dynamic>
            <Dynamic>d:/program files (x86)/lattice/ip/pmi/pmi_ram_dp.v</Dynamic>
            <Navigation>d:/program files (x86)/lattice/ip/pmi/pmi_ice40up.v</Navigation>
            <Navigation>11</Navigation>
        </Message>
        <Message>
            <ID>35901328</ID>
            <Severity>1</Severity>
            <Dynamic>d:/program files (x86)/lattice/ip/pmi/pmi_ram_dp.v(48): </Dynamic>
            <Dynamic>d:/program files (x86)/lattice/ip/pmi/../common/ram_dp/rtl/lscc_ram_dp.v</Dynamic>
            <Navigation>d:/program files (x86)/lattice/ip/pmi/pmi_ram_dp.v</Navigation>
            <Navigation>48</Navigation>
        </Message>
        <Message>
            <ID>35901328</ID>
            <Severity>1</Severity>
            <Dynamic>d:/program files (x86)/lattice/ip/pmi/pmi_ice40up.v(12): </Dynamic>
            <Dynamic>d:/program files (x86)/lattice/ip/pmi/pmi_ram_dq.v</Dynamic>
            <Navigation>d:/program files (x86)/lattice/ip/pmi/pmi_ice40up.v</Navigation>
            <Navigation>12</Navigation>
        </Message>
        <Message>
            <ID>35901328</ID>
            <Severity>1</Severity>
            <Dynamic>d:/program files (x86)/lattice/ip/pmi/pmi_ram_dq.v(45): </Dynamic>
            <Dynamic>d:/program files (x86)/lattice/ip/pmi/../common/ram_dq/rtl/lscc_ram_dq.v</Dynamic>
            <Navigation>d:/program files (x86)/lattice/ip/pmi/pmi_ram_dq.v</Navigation>
            <Navigation>45</Navigation>
        </Message>
        <Message>
            <ID>35901328</ID>
            <Severity>1</Severity>
            <Dynamic>d:/program files (x86)/lattice/ip/pmi/pmi_ice40up.v(13): </Dynamic>
            <Dynamic>d:/program files (x86)/lattice/ip/pmi/pmi_rom.v</Dynamic>
            <Navigation>d:/program files (x86)/lattice/ip/pmi/pmi_ice40up.v</Navigation>
            <Navigation>13</Navigation>
        </Message>
        <Message>
            <ID>35901328</ID>
            <Severity>1</Severity>
            <Dynamic>d:/program files (x86)/lattice/ip/pmi/pmi_rom.v(45): </Dynamic>
            <Dynamic>d:/program files (x86)/lattice/ip/pmi/../common/rom/rtl/lscc_rom.v</Dynamic>
            <Navigation>d:/program files (x86)/lattice/ip/pmi/pmi_rom.v</Navigation>
            <Navigation>45</Navigation>
        </Message>
        <Message>
            <ID>35901328</ID>
            <Severity>1</Severity>
            <Dynamic>d:/program files (x86)/lattice/ip/pmi/pmi_ice40up.v(14): </Dynamic>
            <Dynamic>d:/program files (x86)/lattice/ip/pmi/pmi_sub.v</Dynamic>
            <Navigation>d:/program files (x86)/lattice/ip/pmi/pmi_ice40up.v</Navigation>
            <Navigation>14</Navigation>
        </Message>
        <Message>
            <ID>35901328</ID>
            <Severity>1</Severity>
            <Dynamic>d:/program files (x86)/lattice/ip/pmi/pmi_sub.v(50): </Dynamic>
            <Dynamic>d:/program files (x86)/lattice/ip/pmi/../common/subtractor/rtl/lscc_subtractor.v</Dynamic>
            <Navigation>d:/program files (x86)/lattice/ip/pmi/pmi_sub.v</Navigation>
            <Navigation>50</Navigation>
        </Message>
        <Message>
            <ID>35901328</ID>
            <Severity>1</Severity>
            <Dynamic>d:/program files (x86)/lattice/ip/pmi/pmi_ice40up.v(15): </Dynamic>
            <Dynamic>d:/program files (x86)/lattice/ip/pmi/pmi_ram_dp_be.v</Dynamic>
            <Navigation>d:/program files (x86)/lattice/ip/pmi/pmi_ice40up.v</Navigation>
            <Navigation>15</Navigation>
        </Message>
        <Message>
            <ID>35901328</ID>
            <Severity>1</Severity>
            <Dynamic>d:/program files (x86)/lattice/ip/pmi/pmi_ram_dp_be.v(49): </Dynamic>
            <Dynamic>d:/program files (x86)/lattice/ip/pmi/../common/ram_dp/rtl/lscc_ram_dp.v</Dynamic>
            <Navigation>d:/program files (x86)/lattice/ip/pmi/pmi_ram_dp_be.v</Navigation>
            <Navigation>49</Navigation>
        </Message>
        <Message>
            <ID>35901328</ID>
            <Severity>1</Severity>
            <Dynamic>d:/program files (x86)/lattice/ip/pmi/pmi_ice40up.v(16): </Dynamic>
            <Dynamic>d:/program files (x86)/lattice/ip/pmi/pmi_ram_dq_be.v</Dynamic>
            <Navigation>d:/program files (x86)/lattice/ip/pmi/pmi_ice40up.v</Navigation>
            <Navigation>16</Navigation>
        </Message>
        <Message>
            <ID>35901328</ID>
            <Severity>1</Severity>
            <Dynamic>d:/program files (x86)/lattice/ip/pmi/pmi_ram_dq_be.v(45): </Dynamic>
            <Dynamic>d:/program files (x86)/lattice/ip/pmi/../common/ram_dq/rtl/lscc_ram_dq.v</Dynamic>
            <Navigation>d:/program files (x86)/lattice/ip/pmi/pmi_ram_dq_be.v</Navigation>
            <Navigation>45</Navigation>
        </Message>
        <Message>
            <ID>35901328</ID>
            <Severity>1</Severity>
            <Dynamic>d:/program files (x86)/lattice/ip/pmi/pmi_ice40up.v(17): </Dynamic>
            <Dynamic>d:/program files (x86)/lattice/ip/pmi/pmi_dsp.v</Dynamic>
            <Navigation>d:/program files (x86)/lattice/ip/pmi/pmi_ice40up.v</Navigation>
            <Navigation>17</Navigation>
        </Message>
        <Message>
            <ID>35921014</ID>
            <Severity>1</Severity>
            <Dynamic>d:/program files (x86)/lattice/ip/pmi/pmi_ice40up.vhd(4): </Dynamic>
            <Dynamic>components</Dynamic>
            <Navigation>d:/program files (x86)/lattice/ip/pmi/pmi_ice40up.vhd</Navigation>
            <Navigation>4</Navigation>
        </Message>
        <Message>
            <ID>35921012</ID>
            <Severity>1</Severity>
            <Dynamic>c:/users/migue/my_designs/led_ice40up_bb/source/impl_1/counter_top.vhd(8): </Dynamic>
            <Dynamic>counter</Dynamic>
            <Navigation>c:/users/migue/my_designs/led_ice40up_bb/source/impl_1/counter_top.vhd</Navigation>
            <Navigation>8</Navigation>
        </Message>
        <Message>
            <ID>35921010</ID>
            <Severity>1</Severity>
            <Dynamic>c:/users/migue/my_designs/led_ice40up_bb/source/impl_1/counter_top.vhd(17): </Dynamic>
            <Dynamic>behavioral</Dynamic>
            <Navigation>c:/users/migue/my_designs/led_ice40up_bb/source/impl_1/counter_top.vhd</Navigation>
            <Navigation>17</Navigation>
        </Message>
        <Message>
            <ID>35921504</ID>
            <Severity>1</Severity>
            <Dynamic></Dynamic>
            <Dynamic>C:/Users/migue/my_designs/led_ice40up_bb/impl_1</Dynamic>
        </Message>
    </Task>
</BaliMessageLog>